Spa.1,Spa.2,Spa.3,Spa.4,Rho ,Dev., M  ,Sp  ,Vp  ,In  ,Name
1,2,3,4,27.25,0.03,0,13.39,-315.061,217.923,Pro-24skip
1,2,4,5,18.08,0.03,0,7.73,-52.26,217.923,Pro-24skip
1,2,5,6,11.38,0.12,0,-3.22,-21.38,354.047,Pro-24skip
1,2,6,7,10.93,0.08,0,1.98,-10.262,354.047,Pro-24skip
1,2,7,8,10.3,0.13,0,-5.69,-5.455,349.567,Pro-24skip
1,2,8,9,9.34,0.17,0,2.32,-3.093,349.567,Pro-24skip
1,2,9,10,9.33,0.08,0,-10.11,-2.054,348.708,Pro-24skip
1,2,10,11,10.43,0.57,0,-45.38,-1.609,348.708,Pro-24skip
1,2,11,12,11.16,0.25,0,42.06,-1.259,350.813,Pro-24skip
1,2,12,13,9.51,0.28,0,-12.7,-0.804,350.813,Pro-24skip
1,2,13,14,10.07,0.86,0,10.91,-0.658,352.221,Pro-24skip
1,2,14,15,12.63,0.27,0,2.27,-0.649,352.221,Pro-24skip
1,2,15,16,2.19,5.48,0,-1.93,-0.091,354.477,Pro-24skip
1,2,16,17,2.41,5.39,0,42.6,-0.081,354.477,Pro-24skip
1,2,17,18,19.22,0.25,0,-42.71,-0.534,356.26,Pro-24skip
1,2,18,19,-4.94,0.26,0,5.11,0.114,356.26,Pro-24skip
1,2,19,20,12,1.66,0,5.69,-0.235,357.991,Pro-24skip
1,2,20,21,0.76,0,0,34.71,-0.013,357.991,Pro-24skip
1,2,21,22,12.66,0.27,0,-34.51,-0.181,358.981,Pro-24skip
1,2,22,23,-1.29,0,0,-18.65,0.016,358.981,Pro-24skip
1,2,23,24,28.34,0.25,0,1.09,-0.305,359.544,Pro-24skip
2,3,4,5,28.36,0.03,0,6.16,-392.663,261.021,Pro-24skip
2,3,5,6,14.99,0.04,0,-5.3,-51.891,261.021,Pro-24skip
2,3,6,7,13.1,0,0,1.66,-27.649,397.714,Pro-24skip
2,3,7,8,11.39,0.06,0,-6.61,-12.02,397.714,Pro-24skip
2,3,8,9,10.47,0.06,0,3.81,-6.361,400.835,Pro-24skip
2,3,9,10,9.41,0.07,0,-8.83,-3.573,400.835,Pro-24skip
2,3,10,11,11.96,0.03,0,-50.94,-3.042,402.792,Pro-24skip
2,3,11,12,10.94,0.22,0,45.75,-1.949,402.792,Pro-24skip
2,3,12,13,11,0.56,0,-14.34,-1.431,404.6,Pro-24skip
2,3,13,14,8.5,0.03,0,11.71,-0.83,404.6,Pro-24skip
2,3,14,15,7.85,0.03,0,2.36,-0.591,406.03,Pro-24skip
2,3,15,16,6.98,1.07,0,-3.51,-0.413,406.03,Pro-24skip
2,3,16,17,8.23,0.02,0,46.9,-0.391,407.597,Pro-24skip
2,3,17,18,7.49,1.53,0,-47.6,-0.289,407.597,Pro-24skip
2,3,18,19,8.48,1.64,0,6.94,-0.27,408.681,Pro-24skip
2,3,19,20,6.82,0.03,0,6.28,-0.181,408.681,Pro-24skip
2,3,20,21,7.93,2.56,0,35.56,-0.178,409.911,Pro-24skip
2,3,21,22,5.17,4.59,0,-35.52,-0.099,409.911,Pro-24skip
2,3,22,23,10.87,2.5,0,-17.57,-0.178,410.612,Pro-24skip
2,3,23,24,0.22,0,0,-0.55,-0.003,410.612,Pro-24skip
3,4,2,1,27.6,5.1,0,217.45,32.074,21.903,Pro-24skip
3,4,5,6,19.57,0.03,0,-5.86,-254.514,245.198,Pro-24skip
3,4,6,7,16.05,0.05,0,1.57,-52.203,245.198,Pro-24skip
3,4,7,8,12.99,0.06,0,-6.77,-22.976,333.503,Pro-24skip
3,4,8,9,11.38,0.09,0,4.5,-10.071,333.503,Pro-24skip
3,4,9,10,10.13,0.07,0,-7.86,-5.141,334.922,Pro-24skip
3,4,10,11,12.54,0.13,0,-53.86,-3.98,334.922,Pro-24skip
3,4,11,12,11.67,0.24,0,48.19,-2.48,336.343,Pro-24skip
3,4,12,13,11.27,0.5,0,-15.32,-1.675,336.343,Pro-24skip
3,4,13,14,8.92,0.26,0,12.4,-0.97,338.099,Pro-24skip
3,4,14,15,7.84,0.98,0,2.2,-0.639,338.099,Pro-24skip
3,4,15,16,7.61,1.13,0,-4.19,-0.48,339.855,Pro-24skip
3,4,16,17,7.96,0.96,0,48.81,-0.394,339.855,Pro-24skip
3,4,17,18,7.36,1.35,0,-50.63,-0.292,340.814,Pro-24skip
3,4,18,19,8.66,1.79,0,7.75,-0.28,340.814,Pro-24skip
3,4,19,20,8.58,0.18,0,6.94,-0.229,342.111,Pro-24skip
3,4,20,21,6.86,5.31,0,35.84,-0.153,342.111,Pro-24skip
3,4,21,22,6.09,0.17,0,-35.94,-0.114,343.518,Pro-24skip
3,4,22,23,6.96,4.21,0,-17.37,-0.111,343.518,Pro-24skip
3,4,23,24,3.47,0.18,0,-1.13,-0.048,344.343,Pro-24skip
4,5,1,2,18.13,0.03,0,51.4,-50.173,208.664,Pro-24skip
4,5,2,3,28.4,0.56,0,-304.96,-314.402,208.664,Pro-24skip
4,5,3,6,19.72,0.12,0,616.07,170.461,54.304,Pro-24skip
4,5,6,7,17.6,0.03,0,2.02,-50.696,54.304,Pro-24skip
4,5,7,8,14.29,0.03,0,-6.76,-66.142,349.061,Pro-24skip
4,5,8,9,11.98,0,0,5.09,-22.193,349.061,Pro-24skip
4,5,9,10,10.7,0.11,0,-7.32,-9.992,352.07,Pro-24skip
4,5,10,11,12.68,0.1,0,-55.82,-6.768,352.07,Pro-24skip
4,5,11,12,12.03,0.07,0,49.64,-4.022,352.844,Pro-24skip
4,5,12,13,10.97,0.26,0,-15.94,-2.445,352.844,Pro-24skip
4,5,13,14,9.73,0.1,0,12.76,-1.523,354.074,Pro-24skip
4,5,14,15,6.9,0.76,0,2.15,-0.785,354.074,Pro-24skip
4,5,15,16,9.88,0.35,0,-4.67,-0.846,354.999,Pro-24skip
4,5,16,17,5.21,0.17,0,50.14,-0.343,354.999,Pro-24skip
4,5,17,18,14.59,0.61,0,-52.66,-0.757,355.866,Pro-24skip
4,5,18,19,0.38,0,0,8.46,-0.016,355.866,Pro-24skip
4,5,19,20,10.27,1.14,0,7.26,-0.347,356.235,Pro-24skip
4,5,20,21,3.66,4.57,0,36.07,-0.102,356.235,Pro-24skip
4,5,21,22,10.43,1.7,0,-36.26,-0.242,356.194,Pro-24skip
4,5,22,23,1.47,0.16,0,-17.22,-0.029,356.194,Pro-24skip
4,5,23,24,20.16,2.51,0,-1.51,-0.334,355.75,Pro-24skip
5,6,1,2,11.33,0.06,0,107.4,-23.274,387.158,Pro-24skip
5,6,2,3,14.98,0,0,-59.62,-76.933,387.158,Pro-24skip
5,6,3,4,19.65,0.37,0,-220.45,-48.075,46.109,Pro-24skip
5,6,4,7,15.56,0.16,0,606.23,114.175,46.109,Pro-24skip
5,6,7,8,15.35,0.03,0,-7.41,-255.837,314.121,Pro-24skip
5,6,8,9,12.53,0.03,0,5.33,-52.209,314.121,Pro-24skip
5,6,9,10,10.61,0,0,-7.04,-22.67,402.644,Pro-24skip
5,6,10,11,12.36,0.06,0,-57.24,-13.199,402.644,Pro-24skip
5,6,11,12,11.11,0.03,0,50.64,-6.73,399.832,Pro-24skip
5,6,12,13,10.32,0.1,0,-16.4,-3.91,399.832,Pro-24skip
5,6,13,14,8.37,0.1,0,12.99,-2.098,397.129,Pro-24skip
5,6,14,15,6.84,0.09,0,2.12,-1.202,397.129,Pro-24skip
5,6,15,16,7.63,0.47,0,-5.01,-0.976,398.061,Pro-24skip
5,6,16,17,6.62,0.62,0,51.02,-0.636,398.061,Pro-24skip
5,6,17,18,8.88,0.07,0,-54.19,-0.658,399.392,Pro-24skip
5,6,18,19,5.46,1.33,0,9.02,-0.318,399.392,Pro-24skip
5,6,19,20,8.03,1.29,0,7.49,-0.375,400.692,Pro-24skip
5,6,20,21,5.53,3.61,0,36.23,-0.21,400.692,Pro-24skip
5,6,21,22,6.78,2.03,0,-36.48,-0.213,402.392,Pro-24skip
5,6,22,23,4.74,0.07,0,-17.11,-0.124,402.392,Pro-24skip
5,6,23,24,8.19,0.07,0,-1.77,-0.181,403.893,Pro-24skip
6,7,1,2,11.1,0.04,0,143.24,-11.369,386.244,Pro-24skip
6,7,2,3,13.08,0.04,0,-27.47,-26.793,386.244,Pro-24skip
6,7,3,4,16.06,0.04,0,-60.91,-50.977,239.29,Pro-24skip
6,7,4,5,17.58,0.1,0,-272.06,-223.137,239.29,Pro-24skip
6,7,5,8,15.06,0.06,0,571.7,154.025,64.248,Pro-24skip
6,7,8,9,14.77,0.03,0,6.43,-50.343,64.248,Pro-24skip
6,7,9,10,12.86,0.04,0,-6.71,-65.808,385.947,Pro-24skip
6,7,10,11,14.69,0,0,-58.21,-30.071,385.947,Pro-24skip
6,7,11,12,12.57,0.03,0,51.43,-12.91,387.338,Pro-24skip
6,7,12,13,11.46,0.16,0,-16.7,-6.73,387.338,Pro-24skip
6,7,13,14,9.17,0.13,0,13.19,-3.376,388.492,Pro-24skip
6,7,14,15,7.67,0.09,0,2.1,-1.882,388.492,Pro-24skip
6,7,15,16,8.33,0.18,0,-5.23,-1.437,389.972,Pro-24skip
6,7,16,17,7.48,0.35,0,51.63,-0.938,389.972,Pro-24skip
6,7,17,18,9.71,0.14,0,-55.31,-0.916,390.892,Pro-24skip
6,7,18,19,6.53,0.96,0,9.46,-0.474,390.892,Pro-24skip
6,7,19,20,8.68,0.14,0,7.68,-0.496,391.897,Pro-24skip
6,7,20,21,6.33,1.42,0,36.34,-0.289,391.897,Pro-24skip
6,7,21,22,7.18,0.13,0,-36.58,-0.267,392.86,Pro-24skip
6,7,22,23,5.19,2.96,0,-17.04,-0.159,392.86,Pro-24skip
6,7,23,24,8.81,1.86,0,-1.92,-0.226,393.881,Pro-24skip
7,8,1,2,10.23,0.07,0,167.62,-6.819,439.81,Pro-24skip
7,8,2,3,11.33,0.04,0,-15.54,-13.218,439.81,Pro-24skip
7,8,3,4,13.03,0.03,0,-33.21,-30.411,440.08,Pro-24skip
7,8,4,5,14.25,0,0,-110.57,-83.189,440.08,Pro-24skip
7,8,5,6,15.39,0.14,0,-156.62,-49.063,60.098,Pro-24skip
7,8,6,9,14.15,0.06,0,539.06,135.389,60.098,Pro-24skip
7,8,9,10,14.15,0,0,-5.92,-182.354,242.915,Pro-24skip
7,8,10,11,16.11,0.04,0,-58.83,-51.888,242.915,Pro-24skip
7,8,11,12,12.99,0.04,0,52.12,-30.367,440.492,Pro-24skip
7,8,12,13,11.26,0.08,0,-16.89,-13.161,440.492,Pro-24skip
7,8,13,14,8.99,0.06,0,13.36,-6.021,441.835,Pro-24skip
7,8,14,15,7.42,0.05,0,2.09,-3.106,441.835,Pro-24skip
7,8,15,16,8.42,0.14,0,-5.36,-2.356,442.895,Pro-24skip
7,8,16,17,7.14,0.36,0,52.07,-1.399,442.895,Pro-24skip
7,8,17,18,10.93,0.31,0,-56.19,-1.558,443.332,Pro-24skip
7,8,18,19,4.76,1.01,0,9.85,-0.509,443.332,Pro-24skip
7,8,19,20,7.64,0.13,0,7.82,-0.629,444.4,Pro-24skip
7,8,20,21,7.26,0.96,0,36.42,-0.47,444.4,Pro-24skip
7,8,21,22,5.56,1.44,0,-36.66,-0.289,446.004,Pro-24skip
7,8,22,23,1.88,5.54,0,-16.98,-0.079,446.004,Pro-24skip
7,8,23,24,18.6,0.13,0,-2,-0.649,446.934,Pro-24skip
8,9,1,2,9.59,0.06,0,184.06,-4.365,480.267,Pro-24skip
8,9,2,3,10.43,0.07,0,-10.46,-7.595,480.267,Pro-24skip
8,9,3,4,11.39,0.03,0,-24.75,-14.936,494.254,Pro-24skip
8,9,4,5,12.03,0.05,0,-61.53,-31.542,494.254,Pro-24skip
8,9,5,6,12.54,0,0,-33.04,-51.286,308.343,Pro-24skip
8,9,6,7,14.75,0.03,0,-239.46,-241.286,308.343,Pro-24skip
8,9,7,10,15.56,0.05,0,523.98,116.696,47.127,Pro-24skip
8,9,10,11,19.91,0,0,-58.07,-49.787,47.127,Pro-24skip
8,9,11,12,15.15,0.03,0,52.32,-98.572,490.608,Pro-24skip
8,9,12,13,12.03,0.05,0,-17.16,-31.307,490.608,Pro-24skip
8,9,13,14,8.99,0.03,0,13.45,-11.766,493.645,Pro-24skip
8,9,14,15,7.66,0,0,2.06,-5.735,493.645,Pro-24skip
8,9,15,16,8.02,0,0,-5.47,-3.729,490.894,Pro-24skip
8,9,16,17,8.02,0.2,0,52.36,-2.486,490.894,Pro-24skip
8,9,17,18,9.02,0.03,0,-56.89,-1.965,492.454,Pro-24skip
8,9,18,19,7.83,0.03,0,10.18,-1.24,492.454,Pro-24skip
8,9,19,20,8,0.02,0,7.96,-0.954,494.348,Pro-24skip
8,9,20,21,5.86,0.82,0,36.48,-0.537,494.348,Pro-24skip
8,9,21,22,10.64,0.6,0,-36.66,-0.769,495.994,Pro-24skip
8,9,22,23,2.36,3.28,0,-16.94,-0.137,495.994,Pro-24skip
8,9,23,24,8.02,1.17,0,-2.09,-0.378,497.733,Pro-24skip
9,10,1,2,8.76,0.26,0,195.53,-2.06,372.519,Pro-24skip
9,10,2,3,9.47,0.04,0,-8.16,-3.341,372.519,Pro-24skip
9,10,3,4,10.1,0.1,0,-21.68,-5.831,380.671,Pro-24skip
9,10,4,5,10.63,0.08,0,-30.6,-10.739,380.671,Pro-24skip
9,10,5,6,10.59,0.03,0,-2.47,-21.51,382.885,Pro-24skip
9,10,6,7,12.88,0.04,0,-124.24,-65.425,382.885,Pro-24skip
9,10,7,8,14.17,0.09,0,-246.32,-49.327,65.605,Pro-24skip
9,10,8,11,14.17,0.03,0,536.38,147.949,65.605,Pro-24skip
9,10,11,12,17.57,0,0,52.64,-288.563,309.518,Pro-24skip
9,10,12,13,12.74,0.04,0,-17.3,-52.302,309.518,Pro-24skip
9,10,13,14,8.52,0.07,0,13.58,-17.403,384.969,Pro-24skip
9,10,14,15,7.06,0.06,0,2.03,-7.21,384.969,Pro-24skip
9,10,15,16,7.32,0.14,0,-5.5,-4.301,387.5,Pro-24skip
9,10,16,17,7.47,0.3,0,52.56,-2.744,387.5,Pro-24skip
9,10,17,18,7.83,0.11,0,-57.42,-1.923,388.69,Pro-24skip
9,10,18,19,8.07,0.19,0,10.43,-1.386,388.69,Pro-24skip
9,10,19,20,8.71,0.28,0,8.05,-1.09,389.391,Pro-24skip
9,10,20,21,7.45,0.66,0,36.49,-0.699,389.391,Pro-24skip
9,10,21,22,4.09,0.13,0,-36.68,-0.296,389.812,Pro-24skip
9,10,22,23,10.58,0.12,0,-16.88,-0.601,389.812,Pro-24skip
9,10,23,24,-1.47,0.12,0,-2.14,0.067,389.587,Pro-24skip
10,11,1,2,11.43,0.11,0,203.61,-1.688,334.06,Pro-24skip
10,11,2,3,11.6,0.07,0,-6.98,-2.448,334.06,Pro-24skip
10,11,3,4,12.76,0.05,0,-20.6,-4.231,350.165,Pro-24skip
10,11,4,5,12.75,0,0,-10.1,-6.765,350.165,Pro-24skip
10,11,5,6,12.46,0.03,0,8.54,-11.61,351.304,Pro-24skip
10,11,6,7,14.65,0.04,0,-85.8,-27.302,351.304,Pro-24skip
10,11,7,8,16.13,0,0,-170.59,-51.225,239.47,Pro-24skip
10,11,8,9,19.83,0.03,0,-71.9,-251.91,239.47,Pro-24skip
10,11,9,12,19.28,0.03,0,474.07,118.607,38.655,Pro-24skip
10,11,12,13,24.73,0.03,0,-16.18,-50.709,38.655,Pro-24skip
10,11,13,14,14.01,0.05,0,13.9,-65.197,350.997,Pro-24skip
10,11,14,15,10.05,0.03,0,2.05,-18.721,350.997,Pro-24skip
10,11,15,16,10.42,0.07,0,-5.52,-9.744,352.669,Pro-24skip
10,11,16,17,10.12,0.13,0,52.67,-5.408,352.669,Pro-24skip
10,11,17,18,12.16,0.13,0,-57.84,-4.072,353.447,Pro-24skip
10,11,18,19,9.58,0.34,0,10.65,-2.139,353.447,Pro-24skip
10,11,19,20,11.1,0.13,0,8.13,-1.739,354.268,Pro-24skip
10,11,20,21,9.15,0.56,0,36.49,-1.043,354.268,Pro-24skip
10,11,21,22,9.22,0.44,0,-36.66,-0.788,354.647,Pro-24skip
10,11,22,23,7.2,0.82,0,-16.9,-0.474,354.647,Pro-24skip
10,11,23,24,10.53,0.12,0,-2.16,-0.544,354.157,Pro-24skip
11,12,1,2,10.84,0.09,0,209.37,-1.23,352.849,Pro-24skip
11,12,2,3,10.94,0.09,0,-6.28,-1.707,352.849,Pro-24skip
11,12,3,4,11.89,0.12,0,-20.57,-2.728,363.277,Pro-24skip
11,12,4,5,11.69,0.11,0,3.78,-4.025,363.277,Pro-24skip
11,12,5,6,11.13,0.08,0,12.97,-6.142,364.15,Pro-24skip
11,12,6,7,12.49,0,0,-65.64,-12.061,364.15,Pro-24skip
11,12,7,8,12.98,0.03,0,-141.1,-25.15,365.127,Pro-24skip
11,12,8,9,15.14,0.04,0,33.12,-73.318,365.127,Pro-24skip
11,12,9,10,17.58,0.04,0,-187.78,-49.925,53.545,Pro-24skip
11,12,13,14,20.32,0,0,14.27,-335.159,310.838,Pro-24skip
11,12,14,15,12.57,0.04,0,2.04,-51.809,310.838,Pro-24skip
11,12,15,16,11.88,0.06,0,-5.57,-23.08,366.148,Pro-24skip
11,12,16,17,11.34,0.04,0,52.7,-11.019,366.148,Pro-24skip
11,12,17,18,13.01,0.05,0,-58.26,-7.239,367.122,Pro-24skip
11,12,18,19,10.98,0.04,0,10.82,-3.818,367.122,Pro-24skip
11,12,19,20,12.01,0.09,0,8.14,-2.791,368.038,Pro-24skip
11,12,20,21,10.32,0.08,0,36.44,-1.679,368.038,Pro-24skip
11,12,21,22,9.59,0.46,0,-36.65,-1.138,369.119,Pro-24skip
11,12,22,23,8.18,0.55,0,-16.92,-0.728,369.119,Pro-24skip
11,12,23,24,10.03,0.07,0,-2.18,-0.687,369.22,Pro-24skip
12,13,1,2,10.87,0.53,0,213.53,-0.96,366.423,Pro-24skip
12,13,2,3,10.47,0.3,0,-5.75,-1.233,366.423,Pro-24skip
12,13,3,4,11.72,0.15,0,-20.92,-1.971,380.303,Pro-24skip
12,13,4,5,11.01,0.1,0,13.54,-2.645,380.303,Pro-24skip
12,13,5,6,10.55,0.18,0,14.95,-3.812,381.281,Pro-24skip
12,13,6,7,11.38,0.1,0,-53.84,-6.577,381.281,Pro-24skip
12,13,7,8,11.35,0.03,0,-118.84,-11.505,382.061,Pro-24skip
12,13,8,9,12.01,0.05,0,65.18,-24.348,382.061,Pro-24skip
12,13,9,10,12.74,0.03,0,-110.29,-51.082,302.272,Pro-24skip
12,13,10,11,24.64,0.03,0,-156.35,-395.142,302.272,Pro-24skip
12,13,14,15,17.64,0,0,2.57,-233.869,249.952,Pro-24skip
12,13,15,16,15.54,0.04,0,-5.67,-51.529,249.952,Pro-24skip
12,13,16,17,13.83,0.04,0,52.88,-28.103,383.032,Pro-24skip
12,13,17,18,14.85,0.03,0,-58.71,-15.091,383.032,Pro-24skip
12,13,18,19,13.19,0.08,0,11.2,-7.671,383.65,Pro-24skip
12,13,19,20,13.32,0.1,0,8.06,-4.842,383.65,Pro-24skip
12,13,20,21,12.37,0.07,0,36.57,-3.004,384.693,Pro-24skip
12,13,21,22,10.26,0.03,0,-36.7,-1.745,384.693,Pro-24skip
12,13,22,23,11.24,0.05,0,-16.72,-1.392,385.138,Pro-24skip
12,13,23,24,8.25,0.63,0,-2.4,-0.766,385.138,Pro-24skip
13,14,1,2,8.87,0.69,0,216.4,-0.636,386.392,Pro-24skip
13,14,2,3,8.32,0.58,0,-5.41,-0.776,386.392,Pro-24skip
13,14,3,4,9.36,0.38,0,-21.43,-1.195,397.028,Pro-24skip
13,14,4,5,8.78,0.36,0,20.11,-1.542,397.028,Pro-24skip
13,14,5,6,8.4,0.23,0,15.91,-2.114,398.698,Pro-24skip
13,14,6,7,9.01,0.04,0,-46.97,-3.405,398.698,Pro-24skip
13,14,7,8,8.9,0.07,0,-102.62,-5.414,401.245,Pro-24skip
13,14,8,9,8.96,0.03,0,74.39,-9.537,401.245,Pro-24skip
13,14,9,10,8.56,0,0,-89.98,-18.27,402.543,Pro-24skip
13,14,10,11,13.99,0.03,0,-78.14,-74.688,402.543,Pro-24skip
13,14,11,12,20.38,0.07,0,-134.92,-49.88,46.135,Pro-24skip
13,14,12,15,15.89,0.04,0,470.93,116.709,46.135,Pro-24skip
13,14,15,16,15.5,0.03,0,-5.64,-246.312,299.475,Pro-24skip
13,14,16,17,13.06,0.05,0,52.73,-51.885,299.475,Pro-24skip
13,14,17,18,13.41,0.03,0,-58.8,-28.739,403.966,Pro-24skip
13,14,18,19,11.3,0.06,0,11.15,-12.106,403.966,Pro-24skip
13,14,19,20,11.89,0,0,8.28,-7.299,405.035,Pro-24skip
13,14,20,21,10.38,0.1,0,36.43,-3.983,405.035,Pro-24skip
13,14,21,22,9.33,0.19,0,-36.5,-2.391,405.648,Pro-24skip
13,14,22,23,8.33,0.31,0,-16.86,-1.494,405.648,Pro-24skip
13,14,23,24,9.26,0.05,0,-2.19,-1.202,403.486,Pro-24skip
14,15,1,2,14.36,0.17,0,218.83,-0.792,378.223,Pro-24skip
14,15,2,3,7.2,0.18,0,-5.19,-0.505,378.223,Pro-24skip
14,15,3,4,8.07,0.42,0,-22.01,-0.738,379.184,Pro-24skip
14,15,4,5,7.48,0.3,0,25.63,-0.912,379.184,Pro-24skip
14,15,5,6,7.28,0.23,0,16.55,-1.224,380.347,Pro-24skip
14,15,6,7,7.7,0.22,0,-42,-1.85,380.347,Pro-24skip
14,15,7,8,7.7,0.21,0,-88.54,-2.788,382.045,Pro-24skip
14,15,8,9,7.64,0.03,0,76.16,-4.422,382.045,Pro-24skip
14,15,9,10,7.05,0.12,0,-81.27,-7.182,383.782,Pro-24skip
14,15,10,11,10.06,0.03,0,-45.24,-20.476,383.782,Pro-24skip
14,15,11,12,12.56,0,0,-67.98,-51.457,308.779,Pro-24skip
14,15,12,13,17.6,0.03,0,-143.7,-288.297,308.779,Pro-24skip
14,15,13,16,14.44,0.04,0,454.84,150.951,65.673,Pro-24skip
14,15,16,17,14.43,0.03,0,53.61,-50.27,65.673,Pro-24skip
14,15,17,18,14.03,0.03,0,-58.6,-71.587,384.808,Pro-24skip
14,15,18,19,11.2,0.04,0,11.41,-22.87,384.808,Pro-24skip
14,15,19,20,11.36,0.05,0,8.35,-11.632,385.958,Pro-24skip
14,15,20,21,9.89,0.04,0,36.4,-5.786,385.958,Pro-24skip
14,15,21,22,8.78,0.09,0,-36.45,-3.224,387.715,Pro-24skip
14,15,22,23,7.93,0.25,0,-16.87,-1.942,387.715,Pro-24skip
14,15,23,24,8.49,0.31,0,-2.22,-1.462,389.765,Pro-24skip
15,16,1,2,0,0,0,220.66,0,352.201,Pro-24skip
15,16,2,3,7.18,0.93,0,-4.98,-0.369,352.201,Pro-24skip
15,16,3,4,8.08,0.53,0,-22.75,-0.531,354.284,Pro-24skip
15,16,4,5,7.81,0.79,0,29.95,-0.668,354.284,Pro-24skip
15,16,5,6,7.33,0.25,0,17,-0.839,356.272,Pro-24skip
15,16,6,7,7.87,0.25,0,-38.67,-1.24,356.272,Pro-24skip
15,16,7,8,7.96,0.22,0,-78.2,-1.803,358.468,Pro-24skip
15,16,8,9,7.99,0.06,0,75.5,-2.712,358.468,Pro-24skip
15,16,9,10,7.44,0.09,0,-77.59,-4.069,360.785,Pro-24skip
15,16,10,11,10.3,0.11,0,-29.38,-9.861,360.785,Pro-24skip
15,16,11,12,11.87,0.06,0,-35.9,-22.845,362.713,Pro-24skip
15,16,12,13,15.59,0.06,0,-90.77,-74.993,362.713,Pro-24skip
15,16,13,14,15.58,0.04,0,-91.08,-49.706,60.127,Pro-24skip
15,16,14,17,14.55,0.03,0,482.47,139.201,60.127,Pro-24skip
15,16,17,18,16.08,0.04,0,-58.48,-272.244,319.074,Pro-24skip
15,16,18,19,12.39,0.05,0,11.53,-52.432,319.074,Pro-24skip
15,16,19,20,12,0.06,0,8.37,-23.208,364.489,Pro-24skip
15,16,20,21,10.17,0.06,0,36.34,-9.836,364.489,Pro-24skip
15,16,21,22,8.91,0.05,0,-36.38,-4.953,366.939,Pro-24skip
15,16,22,23,8.15,0.23,0,-16.88,-2.833,366.939,Pro-24skip
15,16,23,24,8.43,0.2,0,-2.2,-1.965,369.168,Pro-24skip
16,17,1,2,8.38,0.51,0,222.1,-0.258,324.495,Pro-24skip
16,17,2,3,7.23,2.15,0,-4.92,-0.273,324.495,Pro-24skip
16,17,3,4,8.28,0.67,0,-23.34,-0.397,329.234,Pro-24skip
16,17,4,5,7.34,0.45,0,33.52,-0.448,329.234,Pro-24skip
16,17,5,6,7.38,0.44,0,17.36,-0.594,333.874,Pro-24skip
16,17,6,7,7.7,0.86,0,-36.33,-0.827,333.874,Pro-24skip
16,17,7,8,8.22,0.11,0,-70.33,-1.227,337.506,Pro-24skip
16,17,8,9,7.87,0.27,0,74.37,-1.679,337.506,Pro-24skip
16,17,9,10,7.38,0.05,0,-76.15,-2.372,339.173,Pro-24skip
16,17,10,11,10.23,0.13,0,-20.81,-5.258,339.173,Pro-24skip
16,17,11,12,11.44,0.03,0,-16.46,-10.218,336.793,Pro-24skip
16,17,12,13,13.78,0.03,0,-72.23,-24.618,336.793,Pro-24skip
16,17,13,14,13.03,0,0,-25.32,-51.181,296.144,Pro-24skip
16,17,14,15,14.39,0.03,0,-149.74,-226.004,296.144,Pro-24skip
16,17,15,18,14.43,0.03,0,426.58,133.316,58.053,Pro-24skip
16,17,18,19,16.57,0,0,12.28,-51.017,58.053,Pro-24skip
16,17,19,20,15.28,0.07,0,8.36,-66.984,330.527,Pro-24skip
16,17,20,21,11.82,0,0,36.23,-20.727,330.527,Pro-24skip
16,17,21,22,9.76,0,0,-36.33,-8.555,330.524,Pro-24skip
16,17,22,23,7.94,0.11,0,-16.97,-3.977,330.524,Pro-24skip
16,17,23,24,10.4,0.03,0,-2.2,-3.274,332.467,Pro-24skip
17,18,1,2,9.23,0.59,0,223.27,-0.238,331.224,Pro-24skip
17,18,2,3,6.99,0.59,0,-5.12,-0.219,331.224,Pro-24skip
17,18,3,4,10.41,0.53,0,-23.91,-0.407,335.246,Pro-24skip
17,18,4,5,7.35,1.79,0,36.53,-0.359,335.246,Pro-24skip
17,18,5,6,8.79,0.37,0,17.6,-0.55,337.125,Pro-24skip
17,18,6,7,8.09,0.44,0,-34.65,-0.658,337.125,Pro-24skip
17,18,7,8,9.07,0.3,0,-64.34,-0.982,336.739,Pro-24skip
17,18,8,9,8.61,0.03,0,73.44,-1.281,336.739,Pro-24skip
17,18,9,10,8.72,0.14,0,-75.92,-1.831,332.617,Pro-24skip
17,18,10,11,11.41,0.12,0,-15.84,-3.595,332.617,Pro-24skip
17,18,11,12,12.89,0.07,0,-3.61,-6.454,330.343,Pro-24skip
17,18,12,13,14.89,0.12,0,-62.86,-13.05,330.343,Pro-24skip
17,18,13,14,13.4,0.07,0,-1.86,-23.557,331.345,Pro-24skip
17,18,14,15,14.02,0.06,0,-86.43,-61.629,331.345,Pro-24skip
17,18,15,16,16.13,0.06,0,-88.79,-50.415,58.913,Pro-24skip
17,18,16,19,17.69,0.07,0,410.65,165.908,58.913,Pro-24skip
17,18,19,20,23.35,0.04,0,10.02,-291.751,235.486,Pro-24skip
17,18,20,21,16.85,0.03,0,36.49,-52.626,235.486,Pro-24skip
17,18,21,22,12.9,0.05,0,-36.13,-22.619,330.528,Pro-24skip
17,18,22,23,11.05,0.13,0,-16.91,-9.69,330.528,Pro-24skip
17,18,23,24,10.06,0.12,0,-2.2,-5.08,333.003,Pro-24skip
18,19,1,2,9.13,2.91,0,224.27,-0.229,385.741,Pro-24skip
18,19,2,3,5.49,2.71,0,-5.23,-0.165,385.741,Pro-24skip
18,19,3,4,11.1,0.45,0,-24.45,-0.416,395.925,Pro-24skip
18,19,4,5,4.82,1.45,0,39.18,-0.223,395.925,Pro-24skip
18,19,5,6,8.49,1.09,0,17.8,-0.493,398.428,Pro-24skip
18,19,6,7,6.37,1.53,0,-33.27,-0.47,398.428,Pro-24skip
18,19,7,8,8.34,0.08,0,-59.73,-0.807,401.734,Pro-24skip
18,19,8,9,7.24,0.53,0,73.09,-0.935,401.734,Pro-24skip
18,19,9,10,8.22,0.16,0,-76.32,-1.466,403.374,Pro-24skip
18,19,10,11,9.88,0.13,0,-12.87,-2.518,403.374,Pro-24skip
18,19,11,12,11.47,0.05,0,4.88,-4.308,396.458,Pro-24skip
18,19,12,13,12.94,0.1,0,-56.91,-7.779,396.458,Pro-24skip
18,19,13,14,11.46,0.13,0,8.51,-12.014,395.046,Pro-24skip
18,19,14,15,11.19,0.07,0,-64.98,-23.442,395.046,Pro-24skip
18,19,15,16,12.4,0.07,0,-36.9,-51.902,315.694,Pro-24skip
18,19,16,17,16.5,0.07,0,-138.78,-276.42,315.694,Pro-24skip
18,19,17,20,16.99,0.06,0,433.67,115.574,42.729,Pro-24skip
18,19,20,21,22.02,0,0,37.09,-49.917,42.729,Pro-24skip
18,19,21,22,15.86,0.12,0,-35.79,-82.845,393.89,Pro-24skip
18,19,22,23,12.43,0.11,0,-16.85,-25.966,393.89,Pro-24skip
18,19,23,24,11.75,0.05,0,-2.11,-12.332,395.781,Pro-24skip
19,20,1,2,7.39,0.25,0,225.02,-0.181,447.652,Pro-24skip
19,20,2,3,7.21,0.26,0,-5.37,-0.21,447.652,Pro-24skip
19,20,3,4,9.05,1.69,0,-25.04,-0.318,450.337,Pro-24skip
19,20,4,5,6.93,0.27,0,41.48,-0.296,450.337,Pro-24skip
19,20,5,6,7.76,1.62,0,17.88,-0.41,453.311,Pro-24skip
19,20,6,7,7.65,0.24,0,-32.22,-0.505,453.311,Pro-24skip
19,20,7,8,7.07,0.54,0,-56.15,-0.598,455.82,Pro-24skip
19,20,8,9,8.07,0.63,0,73.07,-0.887,455.82,Pro-24skip
19,20,9,10,8.65,0.16,0,-77.14,-1.275,458.245,Pro-24skip
19,20,10,11,10.59,0.18,0,-11.19,-2.146,458.245,Pro-24skip
19,20,11,12,11.86,0.15,0,10.91,-3.443,459.807,Pro-24skip
19,20,12,13,13.56,0.09,0,-53.12,-5.907,459.807,Pro-24skip
19,20,13,14,11.85,0.07,0,13.9,-8.291,461.718,Pro-24skip
19,20,14,15,11.32,0.04,0,-55.39,-13.87,461.718,Pro-24skip
19,20,15,16,12.01,0.05,0,-20.83,-29.502,463.179,Pro-24skip
19,20,16,17,15.27,0.03,0,-79.52,-93.775,463.179,Pro-24skip
19,20,17,18,23.47,0.07,0,-132.92,-49.582,39.821,Pro-24skip
19,20,18,21,21.56,0.06,0,500.01,136.632,39.821,Pro-24skip
19,20,21,22,26.6,0,0,-35.7,-290.604,205.909,Pro-24skip
19,20,22,23,19,0.06,0,-16.92,-51.879,205.909,Pro-24skip
19,20,23,24,15.55,0.04,0,-2.2,-38.134,462.38,Pro-24skip
20,21,1,2,9.62,0.19,0,225.7,-0.191,426.151,Pro-24skip
20,21,2,3,6.27,3.24,0,-5.54,-0.146,426.151,Pro-24skip
20,21,3,4,7.97,1.72,0,-25.54,-0.223,429.674,Pro-24skip
20,21,4,5,6.92,1.95,0,43.57,-0.232,429.674,Pro-24skip
20,21,5,6,6.91,1.82,0,17.93,-0.283,432.147,Pro-24skip
20,21,6,7,7.07,1.03,0,-31.28,-0.356,432.147,Pro-24skip
20,21,7,8,8.97,0.58,0,-53.19,-0.569,435.468,Pro-24skip
20,21,8,9,5.23,1.27,0,73.29,-0.423,435.468,Pro-24skip
20,21,9,10,7.79,0.89,0,-78.11,-0.823,438.595,Pro-24skip
20,21,10,11,9.58,0.13,0,-10.22,-1.351,438.595,Pro-24skip
20,21,11,12,10.74,0.06,0,15.56,-2.092,440.713,Pro-24skip
20,21,12,13,12.04,0.04,0,-50.49,-3.351,440.713,Pro-24skip
20,21,13,14,10.54,0.05,0,16.89,-4.432,443.73,Pro-24skip
20,21,14,15,9.9,0.15,0,-49.93,-6.657,443.73,Pro-24skip
20,21,15,16,10.21,0,0,-13.52,-12.071,445.534,Pro-24skip
20,21,16,17,11.81,0.03,0,-59.72,-27.906,445.534,Pro-24skip
20,21,17,18,16.86,0.04,0,-104.97,-51.546,230.517,Pro-24skip
20,21,18,19,21.91,0,0,-123.16,-268.002,230.517,Pro-24skip
20,21,19,22,21.89,0.07,0,496.55,115.319,33.105,Pro-24skip
20,21,22,23,28.44,0.07,0,-15.07,-49.943,33.105,Pro-24skip
20,21,23,24,21.81,0,0,-1.96,-51.689,178.671,Pro-24skip
21,22,1,2,7.91,3.01,0,226.24,-0.137,433.421,Pro-24skip
21,22,2,3,4.89,4.87,0,-5.8,-0.099,433.421,Pro-24skip
21,22,3,4,9.15,0.29,0,-26.05,-0.219,437.768,Pro-24skip
21,22,4,5,4.36,0.29,0,45.39,-0.124,437.768,Pro-24skip
21,22,5,6,7.22,0.25,0,17.91,-0.248,440.164,Pro-24skip
21,22,6,7,5.34,1.78,0,-30.49,-0.223,440.164,Pro-24skip
21,22,7,8,3.81,2.05,0,-50.76,-0.197,443.223,Pro-24skip
21,22,8,9,10.63,0.23,0,73.65,-0.687,443.223,Pro-24skip
21,22,9,10,5.2,0.87,0,-79.13,-0.426,441.999,Pro-24skip
21,22,10,11,7.99,0.36,0,-9.79,-0.852,441.999,Pro-24skip
21,22,11,12,9.53,0.18,0,19.28,-1.345,438.916,Pro-24skip
21,22,12,13,10.52,0.18,0,-48.79,-2.041,438.916,Pro-24skip
21,22,13,14,9.4,0.06,0,18.62,-2.591,436.566,Pro-24skip
21,22,14,15,8.6,0.17,0,-46.45,-3.557,436.566,Pro-24skip
21,22,15,16,8.98,0.03,0,-9.72,-5.964,438.277,Pro-24skip
21,22,16,17,9.69,0.07,0,-50.72,-11.263,438.277,Pro-24skip
21,22,17,18,12.92,0.07,0,-97.04,-30.125,439.57,Pro-24skip
21,22,18,19,15.83,0.03,0,-57.01,-92.268,439.57,Pro-24skip
21,22,19,20,26.69,0.06,0,-81.87,-49.912,35.247,Pro-24skip
21,22,23,24,29.09,0.06,0,-0.41,-50.221,32.545,Pro-24skip
22,23,1,2,3.66,0.9,0,226.69,-0.048,377.911,Pro-24skip
22,23,2,3,7.38,3.13,0,-6.06,-0.111,377.911,Pro-24skip
22,23,3,4,5.13,4.35,0,-26.51,-0.092,385.969,Pro-24skip
22,23,4,5,6.77,0.53,0,47.05,-0.143,385.969,Pro-24skip
22,23,5,6,5.11,3.8,0,17.85,-0.13,392.007,Pro-24skip
22,23,6,7,6.34,2.68,0,-29.77,-0.194,392.007,Pro-24skip
22,23,7,8,6.16,1.68,0,-48.74,-0.232,397.807,Pro-24skip
22,23,8,9,3.7,0.25,0,74.08,-0.172,397.807,Pro-24skip
22,23,9,10,7.53,1.04,0,-80.1,-0.442,402.645,Pro-24skip
22,23,10,11,8,0.78,0,-9.71,-0.598,402.645,Pro-24skip
22,23,11,12,8.52,0.58,0,22.37,-0.836,407.058,Pro-24skip
22,23,12,13,9.93,0.18,0,-47.67,-1.3,407.058,Pro-24skip
22,23,13,14,8.5,0.14,0,19.73,-1.513,402.921,Pro-24skip
22,23,14,15,8.12,0.04,0,-44.08,-2.066,402.921,Pro-24skip
22,23,15,16,8.19,0.13,0,-7.27,-3.1,399.712,Pro-24skip
22,23,16,17,8.43,0.22,0,-45.95,-5.106,399.712,Pro-24skip
22,23,17,18,10.94,0.05,0,-93.79,-11.69,402.645,Pro-24skip
22,23,18,19,12.5,0,0,-22.1,-26.71,402.645,Pro-24skip
22,23,19,20,19.01,0.06,0,-37.28,-51.26,203.286,Pro-24skip
22,23,20,21,28.29,0.05,0,258.88,-305.079,203.286,Pro-24skip
23,24,1,2,12.29,3.04,0,227.05,-0.13,353.969,Pro-24skip
23,24,2,3,2.87,13.22,0,-6.31,-0.035,353.969,Pro-24skip
23,24,3,4,10.42,2.56,0,-26.88,-0.149,359.513,Pro-24skip
23,24,4,5,3.23,8.74,0,48.42,-0.054,359.513,Pro-24skip
23,24,5,6,7.96,2.36,0,17.78,-0.159,364.86,Pro-24skip
23,24,6,7,4.42,0.47,0,-29.18,-0.105,364.86,Pro-24skip
23,24,7,8,12.02,0.87,0,-47.07,-0.34,362.804,Pro-24skip
23,24,8,9,4.25,2.62,0,74.43,-0.146,362.804,Pro-24skip
23,24,9,10,4.66,1.84,0,-80.91,-0.197,362.47,Pro-24skip
23,24,10,11,7.22,1.52,0,-9.8,-0.381,362.47,Pro-24skip
23,24,11,12,9.65,0.94,0,24.84,-0.652,364.086,Pro-24skip
23,24,12,13,9.67,0.43,0,-46.96,-0.849,364.086,Pro-24skip
23,24,13,14,9.03,0.1,0,21.45,-1.065,366.731,Pro-24skip
23,24,14,15,7.78,0.12,0,-43.44,-1.262,366.731,Pro-24skip
23,24,15,16,8.64,0.22,0,-6.15,-2.012,368.992,Pro-24skip
23,24,16,17,9.33,0.08,0,-42.78,-3.262,368.992,Pro-24skip
23,24,17,18,10.18,0.15,0,-92.25,-5.726,371.005,Pro-24skip
23,24,18,19,11.56,0.14,0,-2.41,-11.381,371.005,Pro-24skip
23,24,19,20,15.44,0.03,0,-14.56,-30.558,373.083,Pro-24skip
23,24,20,21,21.84,0.12,0,250.26,-108.07,373.083,Pro-24skip
23,24,21,22,29.01,0.06,0,-344.24,-49.769,32.341,Pro-24skip
